,Prey,Predator
0,0.7213390131074306,0.6989404698826651
1,0.6466325027724826,0.6228503033994541
2,0.6524465329924098,0.4223823525141759
3,0.7664573449448213,0.26669505804213356
4,0.7267770379133313,0.37235713554982214
5,0.6600435219793842,0.6266229067273418
6,0.7005321147644877,0.6772296261496735
7,0.5316711408072741,0.6797843311280656
8,0.7319377024430851,0.36949358003618116
9,0.9476295737314543,0.7041826534123471
10,1.2346871931062502,0.7380228246417178
11,1.1003208973449152,0.8354991863752312
12,0.7194930406897284,0.5725173431502388
13,0.746371741424844,0.6896143160465636
14,1.1310577408132119,0.24203948414339047
15,1.0747186485068323,0.33050563646107833
16,1.4236360002130777,0.6638598684962321
17,0.7570576231774724,0.3617917104705736
18,0.6708099618778539,0.5349359415429115
19,0.9363619035467217,0.3033997263845377
20,1.5327052544318363,0.38573422994394896
21,0.9057347415696142,0.2780038035290151
22,1.3377174267575604,0.7681740057948413
23,0.6696647245455781,0.5474114270472907
24,0.5831596495635019,0.5163186783039021
25,0.7551004615586016,0.7735842330507695
26,0.8192587017871307,0.7656664747280196
27,1.1539249428041474,0.7957697515265817
28,1.5763494061341963,0.547769447257918
29,0.6553239187217755,0.8308237554121354
30,0.727204897262656,0.3933936887989261
31,1.1076487634940158,0.263758375092943
32,0.9318153911811806,0.7244696055304486
33,0.6565495226581713,0.32446575018658425
34,0.9698506547642803,0.28798911607261124
35,0.6616968304383918,0.8197656116106095
36,0.6000692817025127,0.49126847119585715
37,1.363011203454181,0.33961011688269627
38,1.3660228424054817,0.7015083220027442
39,0.7258516812455642,0.8051346156075483
40,0.7710947022729138,0.2928228968682902
41,0.8390091839458014,0.2465012191172843
42,1.208099572186568,0.22873504991014076
43,0.5795865218806194,0.3655876325004358
44,0.8763159082392221,0.726779545515673
45,1.292382594537517,0.7538210750398747
46,1.472810487053512,0.5126631963822381
47,1.4140063946335149,0.6933761763324254
48,0.6693762597377149,0.4971186083596385
49,0.7097533746140876,0.7038476670069018
50,0.7307413029752774,0.4943312327500936
51,1.1437765929450214,0.22305626522278962
52,0.6501895925499286,0.47804167541454573
53,0.6212079384067057,0.540383286813349
54,1.052257600229149,0.783423922048116
55,1.3982204293720095,0.37683542793018443
56,0.9465522311469434,0.8307378863944787
57,0.8951741564428063,0.7814598943828263
58,0.9630885704280141,0.16836891549952265
59,1.37518348200296,0.3388644882773548
60,0.8071440034929401,0.30432400727175346
61,0.9613226478384657,0.7760209313522743
62,1.0755373615557193,0.3786348547213092
63,1.2415533201751496,0.6678989367164165
64,1.277554407833187,0.4018959006792677
65,1.5005017951932031,0.6614349841577807
66,0.825542736390479,0.7530107732318869
67,0.6174942853308748,0.5822196681573475
68,1.23826976876207,0.7879304814557205
69,0.5866092497503961,0.45730664323579784
70,0.6301026895967079,0.43482476609974685
71,0.9162556502393968,0.73346821387353
72,0.73204180457447,0.338963109583303
73,1.4349217001558483,0.2693881366940933
74,0.7482222969152322,0.3472659027868783
75,1.3589118183017406,0.6622682179208096
76,1.0181595727300738,0.8881441536956862
77,0.9338801422122981,0.26568022994227886
78,0.701866461183844,0.26041302079132755
79,1.3952351829109786,0.4778519586096921
80,0.6687344533516173,0.5194379120512628
81,1.295163692275047,0.3490006741007793
82,0.8866930150952341,0.22317023484176318
83,0.7049961248822789,0.8344929472518988
84,0.8750071297260043,0.735954762113344
85,1.1536238384557524,0.21045061710498417
86,0.6829162011608516,0.5697231683532251
87,1.0467036628217081,0.7241756878156351
88,1.0815004639848427,0.21961490985475393
89,0.9861988552425822,0.20713233497106248
90,1.5185005039708412,0.4468734924450912
91,0.9964782079475649,0.2927643114776035
92,0.762489340282335,0.7095018868817299
93,1.2865721245245934,0.30759299809714274
94,0.5961138669470843,0.5422258142248382
95,0.6476113137778311,0.4499531855118406
96,0.6398557837913046,0.43272217762914267
97,0.5931532537104283,0.47829454628745494
98,0.6072282841286493,0.639293001880929
99,1.290909247113731,0.37486850817064254
100,0.7756390053986192,0.8635158298182811
101,1.355775227920506,0.33269484908770713
102,0.8526583197282854,0.2756028425338818
103,1.4851335496138385,0.4651946835699086
104,0.96072498407759,0.2836353794191802
105,0.5765477490068658,0.39872656164323605
106,0.9134578229142508,0.3443157521068364
107,1.4010152846994945,0.48487320326564254
108,1.458400991218443,0.38426593014585264
109,1.247796507247351,0.22534139964326674
110,0.6315100853708008,0.4106482197088163
111,1.4121328658972006,0.29015900440697034
112,0.6631460048339041,0.3815672422428466
113,1.402752020963672,0.646403362653329
114,0.7151098418045829,0.3534783591113278
115,0.8746985038369742,0.3201197441346015
116,0.8037530951432195,0.29430179560603514
117,1.39081764380324,0.3280954867419932
118,0.7118003301149093,0.39363686382437824
119,0.9770027331859499,0.2889568883952263
120,1.4385013902851274,0.6646274885123369
121,0.8984015397689346,0.3754324723577725
122,1.459694777382354,0.34203530235572893
123,0.6048740750407451,0.5699753412805826
124,0.668678746836057,0.5445243750330645
125,1.4466748335776514,0.41286415925243203
126,1.4862774290087393,0.5127480458314622
127,0.8514845711824683,0.7513868680369948
128,0.9265929786803575,0.3153071225531116
129,0.6927193445022508,0.5897324897207576
130,1.5038156795902198,0.5720225435133706
131,0.712611577701579,0.34561326333699777
132,0.6788244342769997,0.645179633053184
133,0.6928573078188279,0.30079091735404995
134,0.7252926286746697,0.33212263955183285
135,0.6288357575595528,0.5457719340813464
136,1.0773611369093972,0.2691003225634246
137,1.2602343757876115,0.3031577082420426
138,0.985008456882239,0.17713411674864843
139,0.8644342293808371,0.34023525291644213
140,1.0063584270320636,0.7706861558462669
141,0.7501806522423362,0.3378790662707555
142,0.8066253626886979,0.6108102874363434
143,0.6743816444113738,0.6069557554940678
144,1.0151384932565648,0.16462467464842512
145,0.8460744691105455,0.7825769494658211
146,0.8908313145166781,0.3141044620025061
147,0.7890100654390096,0.7922485769822087
148,1.3356653573056199,0.6166270851418202
149,0.7974662363101691,0.8870666083725787
150,0.6522009432152659,0.6345295796920367
151,0.6358590523763783,0.40770245266572847
152,1.3519796052268338,0.6871545834362923
153,0.6752044479837893,0.6721909524862781
154,0.8702645808513482,0.2863119866868269
155,1.3720778115323795,0.39588476468377914
156,0.6556235617486348,0.46109774750760657
157,1.0675966510810078,0.7241242196749229
158,0.9317229995236931,0.2627848572792687
159,1.478703695578997,0.5218232048039573
160,0.6035612487999826,0.42918328334198796
161,1.3203089929225307,0.6980317665001616
162,0.7182215083564605,0.44417092170088684
163,0.6307432460740968,0.6875556924318951
164,0.7612712570992489,0.7986962890753382
165,0.9792869900126424,0.7978418465909607
166,0.6277701496618292,0.583943010346441
167,1.4205152926598843,0.5799627037677649
168,0.6896708318182534,0.37109629821545403
169,0.8977015282752557,0.7550048134389721
170,1.4697139821956677,0.29987714131125437
171,0.6910773982124516,0.323119909410416
172,1.1472034132706541,0.821774710771344
173,1.464810455150937,0.4441156760343651
174,0.608715190826973,0.49301314995100154
175,0.73963624799526,0.8150788812441407
176,0.6475050596646612,0.6557387850249152
177,0.8698850454499238,0.37855446652151187
178,0.6620370979205543,0.36463571206759504
179,0.7667795811593835,0.3639240503623553
180,0.8144152899669577,0.7488150477748218
181,0.6211530720830203,0.5819867614325293
182,0.7042312218100313,0.3987424563111467
183,0.7291743164719034,0.7812543435300461
184,0.7124608045007943,0.552238999913475
185,1.2808888398747365,0.7483957097890832
186,0.6193296975440759,0.37566331394498564
187,0.5017737247126398,0.46691743122820534
188,1.1404737424302849,0.35620397488779654
189,0.6260177938296678,0.6195930483472422
190,0.6278861103282143,0.39132227569723954
191,0.6076850925648913,0.5257409238886416
192,0.7772692660204452,0.8151606251688633
193,1.567740887936346,0.533154900765492
194,1.1964397289778779,0.458301071662186
195,1.457713648206766,0.4869669978223581
196,0.7145224288361597,0.5668480085646804
197,1.3642310493160208,0.5146574291725838
198,0.5767042083264685,0.4582522446203896
199,0.6796575494480241,0.5419442851099484
200,0.7328155021336579,0.800714219570419
201,0.9666719977483053,0.3387355228634421
202,0.6989184253810287,0.6827257669831389
203,0.5964215086206812,0.5035937372164914
204,1.2432146633558163,0.6804751931198068
205,0.6412801309970392,0.5602180966866231
206,0.9512494965293126,0.304558441994086
207,0.6965169672103917,0.4387647959638207
208,1.2495835193693663,0.3643928657261317
209,0.7409163799817504,0.35801551304550877
210,1.420841391231654,0.6243147278864066
211,1.491399281524464,0.5522387531364575
212,0.714191598867954,0.3200085163985883
213,1.217868458443765,0.29207179117158666
214,1.0325101479097838,0.3124493261967819
215,1.4192609220637917,0.31271561080869653
216,0.6691060962627756,0.4663183351236268
217,0.8591149254464461,0.24804328540854315
218,1.3886879295760068,0.4017762439288443
219,1.348410462300346,0.6967040616646694
220,0.6787518769983683,0.6017078214175756
221,1.2146319781727517,0.3069144211287293
222,0.7129712882749959,0.719393473981116
223,0.6669359835382775,0.37382519915295837
224,0.8332715431190633,0.7747515544105869
225,0.6898885631545755,0.36340521538104104
226,0.6684726377524736,0.4166971623613825
227,1.3940816020636382,0.3272530123142628
228,1.426303471603232,0.5352041646388276
229,0.637003209640145,0.5613448627799927
230,1.2047000240590306,0.7783732404846786
231,1.5506206201804418,0.621959922202979
232,0.6672021191562302,0.7306626771195545
233,1.0335596455316407,0.27663037502573395
234,1.5100267403205065,0.5574610903360215
235,1.4914808769785908,0.4897857192692958
236,0.9576199159153785,0.8475693324384622
237,1.4931768995055685,0.44211743775051643
238,1.4356716894429844,0.4392964607222883
239,0.6635231941822155,0.28713897848675
240,0.572081312056907,0.562053429337964
241,1.1258574302133615,0.31381782330559854
242,0.8749528237603323,0.33081923956164866
243,0.7511028343780252,0.6498464507385239
244,0.8565401470294882,0.6656171881359569
245,0.6165358280199836,0.36307661611963415
246,0.8255090005764976,0.1787576941401134
247,0.5829038404255285,0.6051622711732324
248,0.6828504867534122,0.5137547320271266
249,0.8703050469174107,0.25556980488914127
250,0.6901719530222528,0.38413925795195747
251,0.6716115523909171,0.37592802468161735
252,1.394486225539923,0.32574706427365696
253,1.2340062305400283,0.6832105880016949
254,0.6882992544672784,0.5519203654424845
255,1.244552353710292,0.7445480806239396
256,0.6940601382907874,0.29381373147073253
257,1.0742993438635047,0.3433979279893131
258,0.8824965502742614,0.7247399812428089
259,0.7443053700028346,0.32450479117512593
260,0.7618456827754271,0.7555094052138313
261,1.4804573725676202,0.3136234709749191
262,1.0931165293436742,0.8414492838427639
263,0.744806867421817,0.7481169390431003
264,0.8019645964187958,0.3528753328069066
265,0.8219104045234195,0.2527020811866223
266,1.4662277750266846,0.4984936840362074
267,0.6409320462095864,0.5883326075235552
268,0.6869503660759761,0.4810232405427409
269,0.7819861109123238,0.24515296644901047
270,1.3989968963561634,0.6055294540749421
271,0.9968276055639627,0.7909390093692847
272,1.2540605773759157,0.3794567344974295
273,0.5507975531109949,0.39675513191865736
274,0.7115255658908562,0.619015935038606
275,1.0814215523789035,0.31445326209140273
276,0.8762387183360377,0.335885541119229
277,1.3859717518538408,0.3251330548897089
278,0.7511262537387887,0.23421884992623437
279,0.8308494844422017,0.2573926510007777
280,0.6568484491546667,0.41632130918077326
281,1.2849021195679375,0.6104517993932896
282,0.9082460212401741,0.8196532113719469
283,0.7353597826765994,0.3580407704660875
284,0.7197316278387628,0.43484532061528397
285,0.6879888255155114,0.3576641862171607
286,0.8591060844472392,0.21960845389355632
287,0.7196950740595953,0.40580625129685277
288,0.6604860597197749,0.6111483638759653
289,0.8542848396487203,0.2874572229720779
290,0.7259024591451352,0.3095605059870841
291,0.8082607111903852,0.37007724787379326
292,1.2131391155924172,0.1679976333356008
293,0.6994398709806492,0.27276056810206983
294,0.6781085683290662,0.7210130138838012
295,1.451593885956556,0.4010620270228212
296,0.5889321031303343,0.4967341379224437
297,0.6775314131878021,0.5339057432372633
298,0.9540696656657998,0.8077925225054652
299,0.6706991328345221,0.29300926381158754
300,0.6285100412202546,0.5422740085332064
301,1.4368644539580477,0.4360056359436276
302,0.6722952068851706,0.3917515664058179
303,0.7032397108410113,0.4957933107133031
304,1.415213586873191,0.4053828536110726
305,1.1863868561752053,0.9185074649424252
306,0.7447710678229931,0.7068065901865876
307,1.419615628551276,0.6240395082617194
308,0.6945518222293107,0.46131822667169536
309,0.799075654795558,0.706126218651258
310,0.8042230620842415,0.6575896212919575
311,0.5928893640441688,0.42979602216153917
312,0.5718086265715003,0.6169503955072642
313,0.5436295944072548,0.6530870862164228
314,0.7247566224248678,0.3447226417235108
315,1.366288543360027,0.43620884104503854
316,0.6766640399697832,0.25708186130573835
317,1.1579472058441895,0.7534804102228649
318,0.6592388573684175,0.4127859020202275
319,0.9391225540266616,0.29307425908269874
320,1.3694274866429095,0.4574139020500999
321,0.7743053935608035,0.563565588664842
322,0.6454212622125721,0.5745544385312644
323,1.2889346551803522,0.3134188940764983
324,0.6479914272806155,0.4425121049915654
325,1.1913586089332948,0.7512980657767738
326,1.03998742280554,0.697702958114826
327,0.6922717056638736,0.6223013159052027
328,0.5881949409919904,0.4838061641393078
329,0.9761236425721924,0.2482146591752964
330,0.8057512744827133,0.33367492894154743
331,0.5679215537321851,0.5092517846695411
332,0.6808506102448938,0.37090851343334696
333,1.1353269274083904,0.37290686632629255
334,0.8312485753071492,0.2908201745104888
335,0.8818364277993271,0.8370352810819971
336,0.6087494899788277,0.2694030966291599
337,1.3396743571560699,0.7106291651071162
338,0.5306974342389749,0.5520403114730784
339,0.6520453455183125,0.5473881157196316
340,0.9544680859561828,0.2335748033601338
341,1.4074705334211188,0.34323422043699126
342,0.690538981811741,0.6112824849199968
343,0.5884778813331291,0.5258070031209922
344,1.2437487170975032,0.24405147569729205
345,1.4626143372520302,0.45569930075267906
346,0.6083780480699312,0.6009544208526221
347,0.8833906686883065,0.307058751736572
348,0.646451681055703,0.44411260849015743
349,0.8464977424414069,0.6962240741541595
350,1.067554524670851,0.7427074142162186
351,1.2693609703474964,0.3647497593384132
352,1.0261302750344854,0.2303228592514755
353,1.10002362071024,0.32437307351312333
354,0.7459826641763264,0.30961946327071443
355,0.9347842670177634,0.7832025972324498
356,0.6004639015817492,0.46806163131003886
357,1.3845183938804202,0.40768207309927706
358,1.3847142536954322,0.32560509397786186
359,0.5818261101498939,0.3728419246930279
360,0.8927441316507843,0.7850869430321785
361,1.3265393501386578,0.3478920291081057
362,0.6375717408639675,0.4434379095175431
363,0.6577380276987104,0.686862111271243
364,0.7474820865524532,0.23445565288474518
365,1.5175672774384212,0.6270620220897647
366,0.7115869826288721,0.3911767153669444
367,0.7765145126548604,0.707628336380389
368,1.4955587761580003,0.5487938130613811
369,0.6791112065395993,0.7312878788411712
370,0.9331976016778195,0.23020920561766667
371,1.5336295816960739,0.5816636122936539
372,0.9647961037054135,0.25904384578646955
373,0.6707611205277946,0.33269853476067973
374,1.3229551886299107,0.6642132524687985
375,1.3074613440235803,0.702086003674001
376,1.024205219400808,0.3042557478370079
377,1.4813966810398707,0.4810907187569251
378,0.8353506549271459,0.27615901878031374
379,1.4569789323212634,0.5440665468951913
380,0.8520437214813951,0.23671893274521386
381,0.651666082209593,0.4465631029345307
382,0.6395836716464455,0.4404573714121118
383,0.7776993719101704,0.2918725522330221
384,1.3029415281964336,0.4014193369346782
385,1.4188461778442774,0.44278157444790206
386,0.8283834357091228,0.8257499422776889
387,0.8636380495609994,0.9347352825881813
388,0.6562898044554495,0.5901039896057936
389,1.321915741623537,0.30286653125292434
390,0.8543522418233979,0.6874336531820554
391,1.4378714943511854,0.61747235476205
392,0.6235651962767321,0.6911201033846704
393,0.706815045407978,0.7247466120456647
394,0.7302156669664908,0.7469100534351066
395,0.6852555303495217,0.45786640024667885
396,0.5783485325596036,0.4272398855243354
397,1.0234016608656087,0.7062140924086366
398,0.8303756092085391,0.2714833600965739
399,0.7744031115619865,0.3514160027985985
400,0.8024956117719312,0.7104668767565568
401,0.6495781691153104,0.3216994403634989
402,0.7254695584926016,0.4618596504924046
403,0.6529269624610854,0.4175094165285486
404,1.3073333473268705,0.2949008596518638
405,1.4451280691212436,0.4089163731860843
406,0.6403506519516287,0.5821351008241084
407,1.453820208222163,0.5895872763064336
408,0.9362018007312568,0.2457299577295891
409,0.8275252120034906,0.7984799777953695
410,0.8470344275360168,0.8380107314612895
411,1.502636841559735,0.5496353551503226
412,1.2674726090811381,0.2857509533017472
413,0.561524942134501,0.3084115631798746
414,0.8516399349415351,0.8476864178010752
415,1.5076002750448745,0.4549413731650697
416,0.7124725125262376,0.262722663002399
417,1.3053559080339454,0.6715068556182663
418,1.5464556972302974,0.4738996427662832
419,1.0470616927041854,0.8761574451763905
420,0.9279104082738223,0.7879735827553226
421,0.6371631905056824,0.4529449049443373
422,0.7515824938908536,0.30370878033235243
423,0.879982097831564,0.639657230825271
424,0.5612074501291459,0.5097312343364858
425,0.7099574059999453,0.6602990658480844
426,0.7836913059651747,0.23982143892006091
427,0.7593986807869362,0.33244629011208837
428,0.6196623782593996,0.4842927771171895
429,0.6006276771520492,0.5629775860169293
430,0.6203048012656456,0.41792260293027217
431,0.7550711495104457,0.2994826036339014
432,0.9608602072874328,0.7933491451813495
433,0.9388352293706247,0.8046096150331168
434,0.9499004588433817,0.8401320358500566
435,0.7699598763822122,0.6604417976346845
436,1.2433512536772995,0.2779962094733229
437,0.6643090796053612,0.4491679611610786
438,1.430239241633651,0.587527555476059
439,1.2393347365289615,0.792782031335666
440,1.3370018151097074,0.3345292177178289
441,0.8956103013414906,0.4199177196605219
442,1.5081571631117998,0.4117354594220684
443,1.4366164535077726,0.31131961709851413
444,0.687727764477102,0.4018002579639782
445,1.2556601335114175,0.28359712863943487
446,0.753919203592664,0.682378522189776
447,1.216992142422739,0.26168465017986975
448,0.7139932957481648,0.7214872094661438
449,1.4881709582013851,0.6096170862149857
450,0.7880758233530535,0.355486289100728
451,0.7352033054775451,0.3358364925781427
452,0.7661254753632035,0.3131313236842731
453,0.7866455719550798,0.3439345311286682
454,0.9607370756906193,0.24925147518151747
455,0.7672416650573155,0.7934140194558155
456,1.21823196877326,0.7044791679082109
457,0.7750906159864037,0.567456592150413
458,0.8036485344196937,0.7769034117967565
459,0.7336233996519674,0.624512303954016
460,0.5972911194172776,0.42677800663359355
461,0.7553781549195662,0.7445436023527366
462,1.3287936019598228,0.3474686288394571
463,0.730830020274771,0.7915544323309165
464,0.6510195198630042,0.5014398186318219
465,1.164029569404865,0.8060664437731155
466,0.7847329961894629,0.5616922267759898
467,0.6230874880657391,0.5951237653651825
468,0.6906946287520538,0.6357140191906557
469,0.9475829659434418,0.9077381205951139
470,0.7111987058955387,0.6865374799820562
471,0.6364329480513037,0.6573253867164044
472,0.9946927979704668,0.24499063081018982
473,1.0515156162575636,0.788631056901132
474,1.3864261427719196,0.33547149365091644
475,0.6870319198484616,0.6977957431126841
476,0.591293850555448,0.4683393062989917
477,0.6531187915211599,0.5115970787815424
478,0.6401406029203028,0.41802344900398014
479,1.0508689530449078,0.27870825549671807
480,1.251684306473201,0.7627149897655189
481,0.5984358825916867,0.7560347072346829
482,1.0288176698768294,0.32908856429165334
483,0.7195776589443762,0.6176205394323672
484,0.9265030231431531,0.25033728434945446
485,1.2183740262001153,0.7141120735948407
486,1.1023982063056121,0.39391865256018627
487,0.6790922542783788,0.6851544024371351
488,0.9747284290072686,0.19584275098023796
489,0.850127917360076,0.7310846090983485
490,0.7125483583029909,0.45759610571599774
491,1.148687227833936,0.24258341700164807
492,0.6893940650387828,0.6418795130895412
493,0.6611932350001185,0.5992012218730076
494,0.7373838859294924,0.635171562174793
495,0.851661136344519,0.7680021081096328
496,1.0197814404955206,0.820796304858415
497,0.606974200250902,0.4760691841187692
498,0.882463087080769,0.2514565295468063
499,0.7142012276126667,0.4376105842356131
500,1.3149189437397881,0.706611630812755
501,0.6413590635886276,0.37951216801930476
502,0.905173523219571,0.29925883692635724
503,0.6534974024213965,0.6143977418891516
504,0.8786766318862409,0.8121411513385014
505,1.4361497219385242,0.6196995555710785
506,0.7361321022238478,0.33516733009991057
507,1.5304266003723048,0.5896869069949935
508,1.0381118300334438,0.272985328924447
509,0.714961325245071,0.6815947853060551
510,0.8436726505094952,0.7836565507695087
511,1.4643299590050425,0.5250484428305072
512,0.6948121834656062,0.7290664490655269
513,0.9997066178853156,0.2781127966026866
514,1.3972691268339719,0.7213117401380732
515,0.6324545882219803,0.437007570085729
516,1.278755884537127,0.7970296526540231
517,1.0193630031801215,0.7072068557232973
518,1.4520113124648997,0.3972176892342222
519,0.7793439541909606,0.409550773974125
520,0.8286085958704683,0.3056815303443318
521,0.9948284434788454,0.29869363236639085
522,0.6946677022383633,0.732896785189434
523,1.238678364447078,0.2668886067712659
524,1.4474622403785886,0.48019745336928255
525,0.799174532929788,0.3806136169995625
526,0.6568602555088183,0.33627589233218197
527,1.099498391792513,0.764746157827607
528,0.8435261153569368,0.31163580650977485
529,1.2398555988091255,0.3192049774313736
530,0.9071531512352131,0.7947699469203151
531,1.374456476982288,0.7615813438762493
532,0.9346360056001697,0.16731295562681858
533,0.6436618419999277,0.5544555946302016
534,1.2539803027720335,0.2506690345977919
535,1.4137483294340585,0.27943824749443114
536,0.6253206135157746,0.6607161086891318
537,1.340256139670048,0.7032316134249381
538,1.305911631745776,0.2609990296740391
539,0.8412562627855861,0.7614452117228012
540,0.9561384959845685,0.7776535764462258
541,0.7847979540621475,0.7107963733521211
542,1.4591846851438213,0.41803074602593354
543,0.6181638072740459,0.39367239302163126
544,0.6768949200275083,0.6555589853896533
545,0.7942029905473962,0.3603605984874344
546,0.8637031815997609,0.28635686054294873
547,1.4961408517369659,0.6054567824454252
548,0.7904412996390567,0.2986665779392819
549,0.6601906887605749,0.30761622139465217
550,1.3583106953961661,0.7395745012956007
551,0.9355177925321622,0.7904750594662668
552,1.246937355974711,0.3338092512651
553,1.051464637117745,0.7927288295470043
554,1.1885806613265169,0.25159455476650977
555,1.3250527412804538,0.7207260181367956
556,0.625004050003486,0.2937937627121542
557,0.6905615196688834,0.7368795981177721
558,0.9790458594240432,0.27611745204857235
559,0.6452345794824543,0.7156107029012442
560,0.6218584518652851,0.6498787305892679
561,0.7235001275616869,0.5969117513865075
562,1.151711461154654,0.25380891492252067
563,1.1971113395065938,0.26069554332695655
564,1.1963186197976687,0.29866527128998716
565,0.646227184141294,0.4810342717372154
566,0.910103436156114,0.29175793910327397
567,0.5902196783551867,0.4867790887726121
568,1.2036520520761609,0.37032802348848587
569,1.2470055943005938,0.7282208334794217
570,0.7487936925844432,0.3942823394304386
571,0.7965964407763857,0.6847959666417562
572,1.2939526531624947,0.7362973911466901
573,1.4293881907991217,0.3472438602556135
574,0.9855210918341646,0.32628395903342855
575,1.2972562997158057,0.7126773987040821
576,1.5003811923147397,0.4644878242722206
577,1.4732633407452973,0.43979496619486813
578,0.7810290609794225,0.2609872034248092
579,0.6384798832928394,0.38289365876188297
580,0.881660972248837,0.2531576176441047
581,1.3862689333458276,0.6518854269831398
582,1.1315769006187695,0.9086645552108009
583,0.8377208005090943,0.344460463809465
584,0.5613922830218606,0.5241411982402874
585,1.1139269554307383,0.7908848405977179
586,1.285246765193657,0.8168686894375282
587,0.5572718998233422,0.3198678745199106
588,0.6158125553481414,0.49692820704647955
589,1.1536897170025529,0.7859723164581203
590,1.3727070955996141,0.6999601125725764
591,1.1720646959740448,0.8095136559313908
592,1.2652935971221242,0.709845382693819
593,0.7322873442613895,0.749493991036228
594,1.1613054422615257,0.2779989235015691
595,0.6058749018929022,0.7363439604990231
596,0.6080909225989873,0.5012354305349686
597,1.0504604284362593,0.300143062226409
598,0.7448169010420617,0.7076369317688048
599,0.7627681018452015,0.6720383818727886
600,0.9368221518006961,0.2668903112588495
601,0.8799412975840301,0.8203523554110818
602,1.1891852619349097,0.2756787184876135
603,1.418545623109393,0.6555541181898632
604,1.2336350405394167,0.8108915648950487
605,0.7992458631780527,0.7903760225462377
606,0.6706430956473384,0.64034264070093
607,0.9031158676644969,0.2734313338740743
608,0.6718672061709207,0.6092097019645786
609,0.6521650489783772,0.6376134410670755
610,0.7814032749124264,0.7820402275417032
611,0.9655766425376997,0.32966975726317543
612,1.264678927796692,0.32725494227938745
613,0.6526313764779993,0.4672359443911384
614,0.7771917271589034,0.32050886781633275
615,0.8495226287492973,0.24493239436248976
616,0.6526409483245594,0.4016151436986921
617,0.7089514577986725,0.6343274959252476
618,0.8650428084009736,0.7689146278274623
619,0.7579664545091715,0.2209200994378328
620,1.2148681156556393,0.29986477705907316
621,1.3983080668064947,0.732709116107966
622,1.4838340581260245,0.5321524640479643
623,0.9493226218140941,0.8268017225394766
624,1.5550286457455615,0.4860670447677089
625,0.7042213372702109,0.5101938495193667
626,0.8066961252877625,0.34664318450830334
627,0.881890609045129,0.8188436162353865
628,1.326961332493999,0.7073175578256324
629,0.6925496690595887,0.6504820925285857
630,0.8981419631155202,0.3102021630881052
631,1.0336594061095963,0.19095097823584353
632,0.7232489712216054,0.7918859847294393
633,1.4829208305508303,0.28941926699177445
634,0.7786033581290296,0.2545818165238947
635,0.7359128429482585,0.32272356925779977
636,0.8749258701774031,0.28115988414131377
637,0.6114403681832892,0.47882778078760785
638,0.8803812087944488,0.31327191992293113
639,1.289680387685243,0.27432425949750083
640,0.834548096381543,0.3333833288013135
641,0.9077454009804896,0.31436289842132503
642,0.8469640235486313,0.7922152026395313
643,0.9915678753255107,0.24436349423489762
644,1.5408121498974112,0.5574803775931746
645,0.6263431615393086,0.4034299036553235
646,0.5878065557329751,0.4543210158951839
647,0.5509948291847878,0.5382501442232762
648,1.50551806640295,0.41900743498424514
649,0.9866187353658057,0.328597768425436
650,1.144620306156092,0.2352916173254449
651,0.8363518407327962,0.8111515484238936
652,0.7410014248070962,0.5644387264258767
653,1.1631547251525647,0.282925545380409
654,0.5558450418124685,0.5605593646788759
655,0.7422742875010839,0.2742526350147293
656,0.6256875977920078,0.4052644315558775
657,1.4355520761451162,0.393930160789974
658,1.1540095262844743,0.6946455760725667
659,1.3801059970847032,0.6899935494717186
660,0.6732217843634063,0.3619007516832116
661,1.2473875305420452,0.7705533241819484
662,1.050254666364309,0.25403354834581404
663,0.7521073313534172,0.8246504044520448
664,0.8315198831188299,0.3552759045010763
665,1.4099609504422985,0.6178922055948153
666,1.4861478463941566,0.5447038240574877
667,0.7108773556879767,0.7041010557632728
668,0.6808763296443805,0.5424127075786305
669,0.9406572572765908,0.37581295571050477
670,0.6509205022522598,0.3914116027845532
671,0.7447304804727652,0.6715575775338003
672,1.1863756132670873,0.764356162376196
673,1.3977457907843134,0.39891851783409604
674,0.8506014715655098,0.2361930189122738
675,0.8867358401920423,0.27854091096755185
676,0.6393381520004361,0.6709282853389633
677,0.6905601039938496,0.5267736479879447
678,0.5941610415111563,0.335066659172667
679,1.4309378588573678,0.34133958890189287
680,0.6326679546765587,0.47861088920424577
681,1.430504930914474,0.5961738911090018
682,0.7205021767198333,0.633015164976835
683,0.6855204971376568,0.6278808555591934
684,0.7667271925952012,0.7706926951467212
685,1.1257652829540057,0.6942480345244267
686,1.1960663441710324,0.7976605670228435
687,1.1299078324081087,0.3349615152448527
688,0.7232926232793515,0.38962679156738056
689,0.7602518516464993,0.6927931933237558
690,0.6362559062169102,0.7466178855387622
691,0.9336228652642848,0.27279101249450066
692,0.915129676724428,0.2641131821322726
693,0.5870526175584132,0.5597245023426661
694,0.5901750232949995,0.3568053319908244
695,0.6220938334380552,0.5560612226726669
696,1.4480961361858653,0.49996413225598957
697,1.460666068043344,0.4690745834964594
698,1.4627436704247332,0.3501959713796763
699,0.7228840863593445,0.7383231543537497
700,1.2575197904708564,0.224207883706818
701,0.678352705573094,0.7416984680304007
702,1.4096190943582299,0.7248500338110906
703,0.6760260950290716,0.3226203458248131
704,0.699805226328343,0.43100783078640226
705,0.9092926825993298,0.7631997762348837
706,0.9547347554338308,0.3730800219911153
707,1.4965031410352705,0.5646124624476312
708,0.8577466668118214,0.28097069442137296
709,1.4968018913995786,0.5154793613269804
710,0.6006646138695986,0.5065537282539488
711,0.9928868435240299,0.914093027816206
712,1.1509783332278993,0.8127334789010577
713,0.535651099122071,0.45956256919879024
714,0.6496804618503508,0.6099793238589251
715,1.1021100352789839,0.38132487387536695
716,1.411583431050488,0.5988493028796871
717,1.1612431275635162,0.7956912739038604
718,0.6279101890541499,0.4023608382893797
719,0.9236693870216197,0.8220825156218557
720,1.2243246577528415,0.7489861744685529
721,1.0114955293825008,0.26017561183083554
722,0.7414644817424547,0.20433268750763225
723,0.9051750755545461,0.7335312214573689
724,0.7519734464383103,0.7171209198497109
725,1.4921999469594698,0.45998714100116
726,0.6945344171362927,0.7243819797965374
727,0.9992285865108619,0.33694729670783286
728,0.844839040572656,0.3615790589859067
729,0.6800452418831853,0.4547092282869658
730,1.4909693494436091,0.3998481383921095
731,0.8349050203252625,0.31823929474634133
732,0.7345409001170737,0.6783732347413127
733,0.7893358068859727,0.7638014371545014
734,1.219980824906035,0.7642803084608809
735,0.6755806797412179,0.27706288564922926
736,1.1411906721560243,0.7413626141310754
737,1.2795954743701352,0.3706867316196572
738,1.1962041433138184,0.2659795064502182
739,1.3632327410941079,0.40881176389357593
740,1.017640673978288,0.782836888844456
741,0.909200279342986,0.24998128318386523
742,0.6774094262054512,0.4229602113647077
743,0.6000550808981588,0.44118742472013345
744,0.943437565566621,0.16390434450369046
745,0.6746486366112505,0.5150640823096109
746,1.3904842094580392,0.6896818414192478
747,0.6346167459650919,0.41863774265590203
748,0.7418828196851878,0.3770264523076934
749,1.4519701038931347,0.6623280347658685
750,0.7251378541011056,0.6743331239273818
751,0.6138809207427454,0.5653096759448797
752,0.6375989128490709,0.694878581036086
753,0.9958083358071098,0.8657998311445613
754,0.7018989882756564,0.37897964821622304
755,0.8102532844593294,0.3058163209619919
756,0.7809097363855583,0.2826671128261637
757,0.8018028307880217,0.4653699301961753
758,1.2570985430313786,0.355212410043882
759,1.478426828932059,0.3407516219131438
760,0.5894784256015702,0.4556092409611545
761,1.0500901596795038,0.7320736218481825
762,0.6410179375087581,0.5201045306780342
763,1.0876311690446148,0.7206844468921918
764,1.109658480763953,0.2620343754855913
765,0.9183895020464612,0.19881996079073322
766,1.374702125951285,0.6890173392016619
767,1.0021128854765267,0.2614645758955253
768,1.3105515689337213,0.34514170736207206
769,0.8995732420875696,0.8663569001746806
770,0.8111521258268298,0.13891493231040902
771,1.125371535151036,0.3190857886861461
772,1.2967805717977168,0.3508049928801132
773,0.6437084771198908,0.6706128999694212
774,0.7314923675526411,0.3062939884934825
775,1.050693756256089,0.24202433684571473
776,1.1125423955462923,0.33270448920806284
777,0.6124641267075657,0.44688877753039563
778,0.6353787024222185,0.6332320950213415
779,1.0809453646214267,0.34207457750145354
780,0.9686808761580088,0.8455538781252209
781,0.5837715779780396,0.5040992632300959
782,0.7882835626629732,0.2852304106377831
783,0.7627697431442786,0.7054604859120472
784,0.5940882121173424,0.4575302215985351
785,0.6387014662998176,0.321952614418832
786,0.79916741777352,0.3832314678121832
787,0.8286936799712633,0.30099453566174966
788,1.262392443747028,0.31111290754207765
789,1.4229308238176848,0.7009135002450577
790,0.6226880741471308,0.3703601024545071
791,0.6879562101346465,0.4465932225452483
792,0.7473021169957681,0.48687522106898357
793,0.7719354449498381,0.2812495020408986
794,0.7792074181198126,0.5349172231141585
795,0.9866649843695184,0.22370657586588077
796,0.8987017734324417,0.8373645423018558
797,1.4838536047066835,0.34533468213291657
798,1.2834220267257215,0.676839002639031
799,1.0692146376714098,0.1947627781428149
800,1.3352220651017874,0.3450767045402676
801,0.6556976476825979,0.5883850317607358
802,1.2059868271863015,0.31021070684610336
803,1.11734383807099,0.2416537024895247
804,1.371520747919459,0.4323004741334661
805,0.8295004189070097,0.2505238592036205
806,0.7332563896886837,0.34179259510085647
807,0.789003576561427,0.8199679449711662
808,1.2831736946668226,0.3260290097942884
809,1.398424814314346,0.5007164511133808
810,0.8123265926911623,0.32474088856666156
811,0.7139378257908887,0.41026301366868345
812,1.0898322315920261,0.8442153047722
813,0.7846720604711568,0.2680360508381767
814,0.9610533150005576,0.7730255530399057
815,0.7291540250642878,0.629760205243428
816,1.226328860752265,0.7951474131402022
817,0.6132486224097298,0.7227872651036532
818,0.6867639645392887,0.3267553425443904
819,0.8699480140358546,0.7779276281752572
820,0.6916910616161999,0.5897190455239493
821,1.4899541933840508,0.5853568833703813
822,0.8391445343160764,0.28387936567667027
823,1.5262750507260332,0.5401527338968454
824,0.8540501271944111,0.2054005286255875
825,0.6257747613610891,0.41471837210486917
826,1.4722135665139922,0.6279969643716056
827,0.650094741251751,0.6634339478912863
828,0.9259618780400444,0.7527256122042567
829,0.6830046058837278,0.7152536583006049
830,0.7860301638049506,0.7056723334395327
831,1.4686965954693463,0.3546308541456336
832,0.6466515089656178,0.5881291134639256
833,0.6607228980927308,0.4378575717039451
834,0.6988984890462703,0.6844867783191863
835,1.0815869630708976,0.7881657841295995
836,1.0591732193889087,0.2592169130880409
837,1.037469363590816,0.2670713731327607
838,0.9756449367016871,0.8398405805762422
839,0.6567990735892646,0.3139594363855421
840,0.5901024283207654,0.5536094313475228
841,0.6598482070874004,0.3150503962525922
842,1.019480238667301,0.8518302824417271
843,0.7010319015660698,0.4147231197740764
844,1.0824294200185924,0.2289642020708779
845,0.6728551961335694,0.39948191238473757
846,0.7126592517882405,0.31747769463506664
847,0.8764006145702117,0.7103930138667357
848,0.5992669442344877,0.3282253686493818
849,0.7019145141435428,0.38982774229800166
850,1.3676698999839239,0.39107749614879356
851,1.0866230526836886,0.8431684235517516
852,0.8174353630801006,0.3112234264331722
853,0.6192708960909737,0.5625088646969226
854,0.7413458453390925,0.26335918234671446
855,1.0748589707432197,0.2976691769340732
856,1.430582763112149,0.3993842122008211
857,0.8817510372746559,0.8412129093594608
858,1.1609368703526541,0.7371831667084915
859,1.3033728539098672,0.7386605657857491
860,0.7487233141189651,0.7745699400072951
861,1.4819000801026208,0.45976893030332633
862,0.7625330320919684,0.2696786307539388
863,0.8703951060396807,0.3129089091705063
864,1.1144092666038659,0.2282926977902252
865,0.5747397928197945,0.4700662898622203
866,1.5733122619142716,0.5356037047776233
867,0.9542045576966147,0.3267028350618706
868,1.2695982739722125,0.3071407655331436
869,0.8002473928980971,0.34275801000661665
870,0.9214599417567584,0.7538825317445418
871,1.4696656242758592,0.696185046074954
872,0.8724756023995215,0.7390383893764284
873,0.7403473064561567,0.5611713472324049
874,0.725769116914199,0.48533096494443717
875,0.8346502953758368,0.8236097210810343
876,0.722645344816227,0.3536983008099424
877,0.9388863052931549,0.27541399022086943
878,0.6281980775523743,0.5783722572025988
879,1.3238108826238661,0.33952786745150304
880,1.1060903786636274,0.9050549041935199
881,0.7379393934358314,0.2498159140115773
882,0.7273937084120545,0.3618069884420027
883,0.9142032944323358,0.2661332071718352
884,0.68127676464984,0.3726547197103451
885,1.5664034838768264,0.5322187895300946
886,0.9283390214807157,0.18071364714927549
887,0.9734925769188337,0.8000607564051574
888,0.5751573894557466,0.4846482712956838
889,1.2167656709070689,0.32341807334833617
890,0.6355163715029831,0.5755364235474283
891,0.5770236984097895,0.4578890879999575
892,0.7483160657469013,0.7965371430482963
893,1.3050562943406823,0.30776274107498847
894,1.3962290473410455,0.551497476887804
895,1.3844363540546603,0.701170126092523
896,0.9671151341348596,0.8233886656700854
897,1.4682767964569452,0.39537672510031063
898,0.817467100728637,0.2357436539217038
899,0.9255681935949592,0.8768496775937961
900,0.6980745463096887,0.6567752389335749
901,1.4384699796111913,0.3796888328621433
902,1.2431388913633084,0.346785178282635
903,0.9407658336335705,0.3019055840942685
904,0.6787845340148371,0.681168820342814
905,0.5879803777588564,0.46405907247749034
906,0.9458611501704415,0.2959017863696862
907,0.7136869587658706,0.4652244814293304
908,0.8750697763663474,0.3666923398385693
909,0.664923100006412,0.4317343803809782
910,0.8478019403394979,0.31735928253666823
911,0.6244188646134227,0.6772889291047917
912,1.506170222516719,0.4875986036318362
913,0.7650289417022872,0.5438169473765707
914,0.6250935980878443,0.3001727995766611
915,1.2412555785947723,0.2701994896599162
916,0.6785887306795665,0.5895208531631677
917,0.5901147424722979,0.6098481850742901
918,0.7684263905006803,0.2962292346194081
919,0.9665387511329828,0.20091720737101604
920,1.3412382792271564,0.34829266806544174
921,0.9463076512515745,0.24091908899744713
922,0.7589053573166291,0.3587923218779688
923,1.140410206465348,0.30716730893370126
924,0.6179243931250796,0.4547582119225819
925,1.0903229419807086,0.24602784518083154
926,0.9237426051324406,0.2978451340683132
927,0.9913959452121014,0.7470789819091075
928,1.177604082926996,0.8393849574226724
929,0.6355647386728599,0.37209681676905954
930,0.8845678323833938,0.18340346040956457
931,1.3593007646458823,0.36169678159780305
932,1.165065877790623,0.8270374711638288
933,1.5128367939206941,0.5933353459902658
934,0.7347184146348483,0.7841179646368848
935,0.5949805669809546,0.3870529117242295
936,0.6795376383361643,0.7149922627323705
937,1.3436616025404466,0.740756356240583
938,0.6022500087702995,0.536528267274337
939,0.6751605531636672,0.370528180877283
940,0.7080756049099806,0.34952308678768007
941,1.002217087581424,0.786253829304122
942,0.7562207749118502,0.8107737311070418
943,0.5560643616943628,0.45699593007671935
944,0.9629027462023171,0.7305011852092459
945,0.5693970446849967,0.45178107714845134
946,1.0329612574747753,0.29335208076051517
947,0.8261199478835649,0.2808066936195443
948,1.5089723438279279,0.38681929739563103
949,0.6445546177322282,0.523862680017937
950,0.9278051256765674,0.7780702540138961
951,1.111274499573943,0.7927196231443533
952,0.636828860536743,0.3329706543954817
953,1.4897105328230478,0.4939042124221122
954,1.0849292611639818,0.18629591371367205
955,0.6605959536697784,0.6987639065136647
956,0.8798795059282655,0.30792064963297433
957,1.3089098602275446,0.7024550528513587
958,0.6421947029070783,0.3302729410186375
959,1.4168457586229366,0.534997051152316
960,0.6795781000196606,0.566552469458959
961,0.9559168087393274,0.2745700398533103
962,0.8593221438064963,0.2997473300346879
963,1.5447769746733544,0.5191973899998145
964,1.2025951939306547,0.7401859909070487
965,0.7092883605898792,0.6952940383726826
966,1.3459229786236184,0.26650885057482665
967,0.6780088703900956,0.38210627309553247
968,0.9055730890212461,0.7224198991426084
969,0.9258548606380651,0.7331232456927603
970,0.6297997544571416,0.6070625249083351
971,0.624711859000054,0.6792478918495445
972,0.9093586170685353,0.31285537491696774
973,0.8314821684657323,0.7608672178279929
974,0.7039620322668871,0.5818549794359802
975,0.7277127995057284,0.6667960878571992
976,0.6193638055149974,0.7047990618705987
977,0.6193671559179421,0.6345773235844591
978,0.6782127325524583,0.3917795498589682
979,0.6831258412345226,0.5367708970095381
980,1.2784141545393595,0.28226972786323556
981,0.8002198627408237,0.2896154598216613
982,1.0929027228140877,0.3581162534118119
983,0.699561878235976,0.6729952393385872
984,0.7239642806862703,0.7004057548036803
985,1.4984143418893439,0.5735447054442644
986,1.5640809876960224,0.5479092926005753
987,1.4149573210644266,0.4941261157503423
988,0.6830663388136129,0.37702741770221315
989,0.8230975231924907,0.32658294261178283
990,0.8169065345532592,0.7209259774279075
991,0.5319214701320961,0.5648426545187114
992,0.9673681038474303,0.36592633005580244
993,0.8736689544630034,0.23190887243041874
994,0.6143166984690412,0.5053596607323739
995,0.763133123247887,0.3435805444864981
996,0.8580938240331097,0.28907563333566044
997,0.7725113335102396,0.35985771556842594
998,0.9556019452894923,0.9307824818080767
999,0.6952427840018309,0.3945626654184107
1000,0.8056447768798871,0.30961406005239733
1001,0.6727365465356664,0.3439565838328211
1002,1.0410350907528962,0.18748083074284877
1003,0.7145767980285056,0.3662012409157043
1004,1.3384545532490222,0.33256406494513224
1005,0.6940763522358201,0.5839259507040622
1006,0.5860606675976734,0.6379564960722475
1007,0.6313143241674819,0.7291130796587039
1008,0.8620464443730901,0.8669426254040133
1009,0.7734236349181234,0.3245152089415228
1010,1.5242704174774238,0.47359354880666266
1011,0.8443471311594264,0.27398716918618965
1012,0.6209860200406224,0.5902629661168391
1013,0.7519660716131948,0.3816735181466339
1014,0.8284017915411199,0.810214784360757
1015,1.3886563598449477,0.4893204235318047
1016,1.503241730907595,0.572835102484587
1017,0.7164593479388244,0.5808095986776607
1018,1.1467346446175144,0.3077926693071917
1019,1.485214584526414,0.5701820009480058
1020,1.0158339569411359,0.32851296676081565
1021,0.7549072232963434,0.33993222317203176
1022,1.4480565941031334,0.3349399725486543
1023,0.5975193469387968,0.40163487855904384
1024,0.6523591927989456,0.6021243110736529
1025,1.1602963509390092,0.2656633016056045
1026,0.65868671509638,0.35912911509992573
1027,0.8295749190909356,0.2135769710186092
1028,0.6437735758634505,0.6292026547127149
1029,0.6313679190602255,0.599174756867816
1030,0.9108789869302014,0.2500567919983736
1031,0.9006051965246357,0.28100365058372884
1032,0.604695490695959,0.5934711098299652
1033,0.7354248032138906,0.43451220212979236
1034,1.4874961658169075,0.5469365915674674
1035,1.3813585652684068,0.38739116679582575
1036,1.1095689802807682,0.3441375670763014
1037,1.5162421088513185,0.34907070734478957
1038,0.7153939188598832,0.5181953654418046
1039,0.8379623867779171,0.2976800460814141
1040,1.0548780663650463,0.24515317439949103
1041,1.4954366967654422,0.5533116756343723
1042,0.7303204649804285,0.654746119099195
1043,1.0645106381687717,0.7244270587493945
1044,1.0504582278458252,0.8089537843589678
1045,0.6571465962574734,0.4432093077436362
1046,0.6248207530268641,0.47757664590282023
1047,0.7267052819137164,0.7841584618297464
1048,0.7825485285828443,0.6991524370537977
1049,0.6709918889995103,0.4543734478090396
1050,0.7461806621087117,0.2797951846580135
1051,0.7387161027776299,0.3516654154382926
1052,0.8928854872957881,0.29202592571357583
1053,0.688817051373986,0.6499362029880147
1054,0.986905952959006,0.26919178184868436
1055,0.6278565661793021,0.5049805014125566
1056,1.4737420386225983,0.6235438496611325
1057,0.805449773455124,0.7027382041065733
1058,0.6390229251233385,0.45755698888775687
1059,1.5478789306258474,0.6181362539180298
1060,0.6437541978634238,0.4631751744861923
1061,0.791971237202414,0.3305249025087475
1062,0.703519468418854,0.5985128282690855
1063,0.7269046243351046,0.33920309179196534
1064,0.879604986076825,0.20918064205850176
1065,0.6891624868118224,0.7192692303156809
1066,1.4556476658656383,0.5846785162440226
1067,0.887034625275933,0.28961769269948423
1068,0.6652959520355379,0.417195827001042
1069,0.7773082538901346,0.7548839777846476
1070,0.9333756653816818,0.8231819618479634
1071,0.6777814953828379,0.4989483294920744
1072,1.5003464913385605,0.6385009906197586
1073,1.023619349004725,0.7694155202910054
1074,0.6000495086510085,0.6094157472869131
1075,1.3417139185628597,0.6966049558636813
1076,0.7552142296285554,0.28916385639351005
1077,0.7052578828037712,0.4842088770736425
1078,0.7383681893119843,0.739273607131021
1079,0.8163955230162554,0.8113698439329711
1080,0.7618164790188194,0.3399533569267117
1081,1.4293822322935803,0.4340320324135939
1082,1.456533631661088,0.511656401718548
1083,1.1523407398698855,0.7794081846448067
1084,1.2852780088943057,0.32519926488571027
1085,0.6907519349824993,0.5009690578197541
1086,1.0228202868749439,0.23248866613133284
1087,1.1435988576307667,0.8777935047484251
1088,0.7475252855834118,0.31916807424032134
1089,0.6381409815708494,0.6480343703081843
1090,1.136395628752783,0.292625873743116
1091,0.7042999912264516,0.43749653892630935
1092,0.7595161707005074,0.7298476108358724
1093,0.6029208135673852,0.619586898378269
1094,1.5865449627819834,0.4640084173083479
1095,1.363863800968656,0.6338651189245319
1096,0.6792845317784235,0.35224178158622826
1097,1.2064167987520955,0.25191890334966405
1098,0.644077392964975,0.5385479772759365
1099,0.6434906515655787,0.631303196657757
1100,0.6770897120996291,0.3222079611683931
1101,1.5773259286716628,0.5387761124168332
1102,1.4552212725566105,0.5708341743648632
1103,1.3984291714254868,0.6128331907159689
1104,1.243597184288736,0.7089192843094537
1105,1.4847764050358636,0.40988195822868456
1106,1.281538933379035,0.2426654930434783
1107,0.6208001871660881,0.6595534025682093
1108,1.4488969587360518,0.4662950707007478
1109,1.447373342083521,0.5206150204357921
1110,1.2857249044511623,0.3599207715851722
1111,1.53459848145642,0.5505250478859635
1112,1.546331647955712,0.4278329261937421
1113,1.107533762726777,0.2216523541762308
1114,0.9076206662433484,0.29050761420603083
1115,1.1365656468053862,0.24412416609402438
1116,1.3717195779508942,0.687443552680763
1117,1.3948474779925046,0.43202161258405564
1118,1.183669586597954,0.8415786137473164
1119,0.7214912108603408,0.7329110223645928
1120,1.4209784063386746,0.5017350066314907
1121,0.8484212084637638,0.3046093108461143
1122,0.7377496276378676,0.3623776265259285
1123,0.7147783644993951,0.7325910846265983
1124,0.7371711550757805,0.3375662729450316
1125,0.9546690071659467,0.7917924751747917
1126,1.3876005445674862,0.5361960413654195
1127,0.6227022651234696,0.4442701098494098
1128,0.675751728827115,0.4310967011982841
1129,1.3559879504471606,0.39511635743209106
1130,1.5188349570039272,0.6257003730971111
1131,1.405942254105709,0.38534310886352596
1132,0.8457940802677372,0.34100590606351977
1133,1.175858363271913,0.3792536147061806
1134,0.6608013522297196,0.5992136453380084
1135,0.9916012320211363,0.16788737185601654
1136,1.383390462154005,0.29257247143206705
1137,0.6539098738201161,0.38441686239735556
1138,1.3612970225727914,0.32191646652353517
1139,0.9065326290744571,0.19204117811741633
1140,0.7038756029230058,0.7088547892231774
1141,1.1450939128117714,0.759680134204885
1142,0.7252292477054008,0.37836638582698634
1143,1.521193238666322,0.6095953099270861
1144,1.200256045714018,0.32281748754233136
1145,0.576115436977722,0.5780535731581943
1146,0.7271664523533433,0.7142391784302072
1147,0.6676731413026464,0.3872368599613137
1148,1.3151664311297584,0.35119697094227376
1149,1.110553423709103,0.3071767651237504
1150,1.240199984068505,0.8303175815684448
1151,0.795803458028199,0.6598755310417839
1152,0.8944566198117778,0.7801160172931062
1153,0.7193768758978132,0.5624541089308668
1154,1.3442353208889002,0.7377946100045953
1155,0.7411085608317589,0.7536292453298439
1156,1.027978454611044,0.8045701339952822
1157,0.7164844532766552,0.4387279493890498
1158,0.6117315355813272,0.518439503121865
1159,0.906477560947175,0.32593934252375045
1160,0.8883073914381059,0.8180995587243001
1161,0.6884223571018094,0.726111141606445
1162,0.955163798044552,0.2024473911952222
1163,1.0316943474472076,0.8926842634818053
1164,0.748685741623226,0.46050308657620675
1165,1.1121283844160306,0.25704891974353433
1166,0.6122464307969416,0.3728912417493761
1167,0.681909393794035,0.4679944740998825
1168,1.3964497237341325,0.6143681022300357
1169,0.7844527936264266,0.281646416383189
1170,1.3497646908657381,0.4684888756330277
1171,0.6857493232400379,0.5770651735717163
1172,0.6403076314201364,0.543116658336382
1173,0.9303057945195868,0.7731578183874902
1174,1.3115793336642285,0.7472865258908243
1175,1.338063318240107,0.5759008361811293
1176,0.7138132261238228,0.6786495398108338
1177,0.9374866307225834,0.8524950205327215
1178,0.608621361944469,0.5674106452761057
1179,0.9072583540152961,0.7699762801585582
1180,0.919440105522057,0.22426998226574427
1181,1.2112087297426455,0.28286344779143596
1182,0.6214481845395884,0.4194136177028231
1183,0.6520518993575642,0.3067576659728585
1184,0.5693333685571349,0.6305978228524575
1185,1.02681414721652,0.8043997658201992
1186,0.613221484275002,0.4800573160063215
1187,0.6488724028132239,0.631489937891596
1188,0.6655750359954942,0.36235397343255155
1189,0.7742607022680639,0.7503288246796029
1190,0.6205555523672504,0.3948540092003407
1191,0.6742399024703187,0.4827148219740678
1192,1.2138377744770061,0.7154857939740015
1193,0.6512235745160408,0.4484229869782171
1194,0.9533846847910512,0.33875175807057983
1195,0.6846535889715224,0.34517090618517493
1196,1.0185291610827436,0.2678585212579956
1197,0.677427345507102,0.7435476115915417
1198,0.9311124811471657,0.29573744396925133
1199,1.4021867537804111,0.4520693102691688
1200,1.2152983452017831,0.7131830759011855
1201,0.9086091618404297,0.37587597398786987
1202,0.7205942316019068,0.41162592497897704
1203,1.312386700368842,0.7605360580261558
1204,1.5063974240523577,0.6160310503295455
1205,0.8601691288599003,0.3453331850756822
1206,1.4330740625211287,0.43727121183124057
1207,1.2518321722725267,0.331059040616967
1208,0.6897502462207857,0.4055919230532782
1209,0.7607442486187984,0.7056461102478507
1210,0.5879312835535738,0.41353893411359477
1211,0.9327142966303428,0.8535645882576541
1212,0.8776553640040597,0.2596424977417697
1213,0.7355674005329943,0.3814933423474982
1214,1.2262010750740688,0.26629785105602677
1215,0.9327165239616422,0.3036907605444105
1216,0.6502380636946097,0.5356214185234669
1217,1.1291297503455175,0.7905897356890353
1218,0.623899916322465,0.5063587664743007
1219,0.9743607870595586,0.789067478833833
1220,0.7514562913495436,0.3904341357605008
1221,0.74555351128287,0.681116318777157
1222,0.7196174491247166,0.25223120681477273
1223,0.6412527976012969,0.45387336615007234
1224,1.2779834385605187,0.7390841402915249
1225,0.6100806249230539,0.5139688188768137
1226,0.7002983614049411,0.29800285721605296
1227,0.5360996450447577,0.5489411852604931
1228,0.6837776947205184,0.45347510931279017
1229,1.198480046310529,0.2904647892158627
1230,0.7035252590565872,0.5020692205776308
1231,1.283148330559467,0.8214384334262669
1232,1.0667009048424394,0.1861535208502827
1233,1.0557996943061125,0.33707179016955846
1234,0.8153555510809153,0.8802941270217333
1235,0.7113180586051177,0.4250246138395518
1236,0.6270364392910723,0.38253847241385847
1237,0.6675969521210942,0.48678178545843553
1238,0.600628494855437,0.516694128657095
1239,0.6123318830689285,0.5719248003524852
1240,0.9091043383833305,0.7509590356976871
1241,1.2593435684865035,0.663748446253849
1242,1.005306336242168,0.3051911307375763
1243,1.352101974984869,0.7214049102331311
1244,1.341760792903217,0.7370353021303864
1245,0.6162113184914843,0.35285118438029905
1246,0.7039469441707511,0.4547231961397591
1247,0.8245911191521715,0.3392516363419602
1248,1.4581880688284121,0.3383826059120942
1249,1.4944128675024002,0.5368939166258596
1250,0.5433843751495203,0.46145104767283046
1251,0.544211159355479,0.40008635344408705
1252,1.5030006584793882,0.4759848047287894
1253,0.7405976240563845,0.330715860819288
1254,0.9526241053019284,0.7853666907802662
1255,0.6938784127204378,0.22738695237079892
1256,0.6534387035284206,0.5343740588266335
1257,0.8133914056446483,0.7729398586476885
1258,0.9998322767749835,0.7077828344246213
1259,1.2606414073146308,0.33176358662907685
1260,1.4723580111873218,0.6382456887387735
1261,1.447930823312043,0.7276735895788001
1262,0.9717053396656159,0.28699941372142773
1263,1.5000121155688666,0.39709522883090326
1264,0.7284896774691059,0.6924806293490328
1265,1.41496741591979,0.5045409050634538
1266,0.6534882078179008,0.6570519562180688
1267,1.409936040113878,0.3756145389750115
1268,1.554098028583028,0.4383651342573003
1269,1.0965392906166997,0.8495375600877609
1270,0.76458428214871,0.3605199115083428
1271,0.9796500362893472,0.7200718099422333
1272,0.7248923115220295,0.3647058633830751
1273,1.4224310718277033,0.47538651220294326
1274,0.9160445944012087,0.20626627786322566
1275,1.2141898974480958,0.254535622377308
1276,0.6376338175530915,0.5379716656209158
1277,0.7573858691925102,0.7572887513544001
1278,0.8647870538190578,0.739567496322454
1279,1.4606574094291795,0.615391245759493
1280,0.6406606991437122,0.33334943563280106
1281,1.3385273711882337,0.7472832209106001
1282,0.8203176985800925,0.2728220524670914
1283,1.1780782238622576,0.7005094005330934
1284,0.8529323224910796,0.7866652159962437
1285,1.0785066669005043,0.33018174940733724
1286,0.9543077021355242,0.837318066927021
1287,0.8358994698453899,0.3549926384664657
1288,1.3480098795044244,0.3808290398707789
1289,0.9186640396446891,0.33898968178500366
1290,1.441167474280097,0.6829132303033836
1291,0.6519288923131068,0.6818365892064523
1292,0.6784186173089255,0.5029447851145261
1293,0.6698384956094422,0.4747643974127954
1294,0.5965917976890267,0.4260944943330064
1295,1.3029819575965045,0.6446837343498303
1296,1.432712325467092,0.6588708717688097
1297,0.7173776801905313,0.5486725010473967
1298,1.1989692680085808,0.2624309546588528
1299,0.7145740865704768,0.36112020187579963
1300,1.0850859367336765,0.4010196249102231
1301,0.9748400901848842,0.7814615982130304
1302,0.8286888471472762,0.6856474174657097
1303,1.0333914387578504,0.7707187646218044
1304,0.712113917607779,0.43352358900753174
1305,0.9383193800338374,0.7579040035137935
1306,1.3561885390117567,0.3947597923016768
1307,1.0548488360535597,0.292231397015809
1308,0.9171578010778326,0.30700915934876943
1309,0.792181057126811,0.35992529200968865
1310,0.5640980813618363,0.6450639335382355
1311,1.0272724822402957,0.15812647609209454
1312,0.823640946201731,0.27252122927149497
1313,0.7980772384636772,0.7804089406834378
1314,1.5288530606809667,0.5211836537347783
1315,1.2094021850116856,0.7680786046640351
1316,0.8723925205359411,0.3496848936637976
1317,1.1240196217468683,0.7668748947855936
1318,1.3412299238080494,0.36127120071725755
1319,0.702958393882094,0.6222654604652286
1320,0.6453515556111851,0.6688403971760329
1321,0.6568770779572373,0.6657764839195469
1322,0.6845892531230146,0.6004724435483312
1323,0.8161116619137452,0.33195432738330616
1324,1.5512951192995552,0.48868588081514847
1325,0.7395586226253443,0.7724602302957264
1326,1.3910381321556118,0.626054773219452
1327,0.8805863178221313,0.36268700379419494
1328,1.0708469099578444,0.23983982592253844
1329,1.0561708311489635,0.31136986285010226
1330,0.7054778888813407,0.6421734185726103
1331,0.788980536015076,0.7984980810294695
1332,0.5627670857551572,0.37625268674595275
1333,0.5967203032917481,0.4869774703395948
1334,0.7332490422318515,0.42494155549286206
1335,0.8128385568973797,0.2583668872209357
1336,1.2579491225975754,0.3329076752247208
1337,0.6889172166535061,0.7660750723545989
1338,1.3898990288018347,0.6432798458213137
1339,0.7838572907434098,0.316631740795085
